{"train loss": 430188.3125, "step": 250, "epoch": 4, "_timestamp": 1682640281.7182605, "_runtime": 125.03617358207703, "_step": 249, "_wandb": {"runtime": 125}}