{"train loss": 117977.140625, "step": 453, "epoch": 8, "_timestamp": 1682647980.6567736, "_runtime": 127.0998215675354, "_step": 452, "_wandb": {"runtime": 126}}