{"train loss": 0.008072057738900185, "step": 2320, "epoch": 40, "_timestamp": 1682651173.173164, "_runtime": 647.4554879665375, "_step": 2319, "_wandb": {"runtime": 646}}