{"train loss": 88733.53125, "step": 60, "epoch": 2, "_timestamp": 1682645568.8994365, "_runtime": 42.30212640762329, "_step": 59, "_wandb": {"runtime": 42}}