{"train loss": 9407.640625, "step": 303, "epoch": 6, "_timestamp": 1682648579.4083073, "_runtime": 90.08599734306335, "_step": 302, "_wandb": {"runtime": 89}}