{"train loss": 0.0314224436879158, "step": 14, "epoch": 1, "_timestamp": 1682705165.619564, "_runtime": 11.815157175064087, "_step": 13, "_wandb": {"runtime": 12}}