{"train loss": 0.03142281249165535, "step": 14, "epoch": 1, "_timestamp": 1682705206.524442, "_runtime": 11.712816953659058, "_step": 13, "_wandb": {"runtime": 2925}}