{"train loss": 39524.6484375, "step": 3, "epoch": 1, "_timestamp": 1682639698.5507996, "_runtime": 106.00841069221497, "_step": 2, "_wandb": {"runtime": 130}}