{"train loss": 13.492457389831543, "step": 2320, "epoch": 40, "_timestamp": 1682645085.3078198, "_runtime": 1441.020686864853, "_step": 2319, "_wandb": {"runtime": 1440}}