{"train loss": 42142.53515625, "step": 614, "epoch": 11, "_timestamp": 1682646663.9664748, "_runtime": 387.56062483787537, "_step": 613, "_wandb": {"runtime": 387}}