{"train loss": 0.004864893388003111, "step": 279, "epoch": 5, "_timestamp": 1682664903.8122787, "_runtime": 176.4964747428894, "_step": 278}