{"train loss": 0.0013271962525323033, "step": 2360, "epoch": 40, "_timestamp": 1682659459.4763174, "_runtime": 8282.302909374237, "_step": 2359, "_wandb": {"runtime": 8281}}