{"train loss": 0.031422894448041916, "step": 14, "epoch": 1, "_timestamp": 1682710218.4839237, "_runtime": 12.697082757949829, "_step": 13, "_wandb": {"runtime": 775}}