{"train loss": 0.0034543753135949373, "step": 2320, "epoch": 40, "_timestamp": 1682663258.5674841, "_runtime": 1448.3841540813446, "_step": 2319, "_wandb": {"runtime": 1447}}