{"train loss": 67277416.0, "step": 238, "epoch": 5, "_timestamp": 1682646263.125631, "_runtime": 152.59728598594666, "_step": 237, "_wandb": {"runtime": 152}}