{"train loss": 0.017750561237335205, "step": 9, "epoch": 1, "_timestamp": 1682660132.8766828, "_runtime": 6.510207653045654, "_step": 8, "_wandb": {"runtime": 5}}