{"train loss": 76641.359375, "step": 178, "epoch": 4, "_timestamp": 1682646097.136884, "_runtime": 114.69597291946411, "_step": 177, "_wandb": {"runtime": 115}}