{"train loss": 0.0024490533396601677, "step": 2360, "epoch": 40, "_timestamp": 1682660121.044441, "_runtime": 657.552864074707, "_step": 2359, "_wandb": {"runtime": 656}}