{"train loss": 0.24350287020206451, "step": 1, "epoch": 1, "_timestamp": 1682660322.9782476, "_runtime": 7.484191656112671, "_step": 0, "_wandb": {"runtime": 6}}