{"train loss": 114735.96875, "step": 41, "epoch": 1, "_timestamp": 1682645675.8198102, "_runtime": 30.434121131896973, "_step": 40, "_wandb": {"runtime": 29}}