{"train loss": 181719.125, "step": 5, "epoch": 1, "_timestamp": 1682645096.8600328, "_runtime": 7.036526679992676, "_step": 4, "_wandb": {"runtime": 6}}