{"train loss": 33.95795440673828, "step": 4350, "epoch": 15, "_timestamp": 1682634890.4964077, "_runtime": 561.482816696167, "_step": 4349, "_wandb": {"runtime": 560}}