{"train loss": 137.5570068359375, "step": 375, "epoch": 7, "_timestamp": 1682643622.7725093, "_runtime": 236.89871525764465, "_step": 374, "_wandb": {"runtime": 237}}