{"train loss": 17623922.0, "step": 120, "epoch": 3, "_timestamp": 1682647821.924393, "_runtime": 37.56667995452881, "_step": 119, "_wandb": {"runtime": 37}}