{"train loss": 0.3094960153102875, "step": 9, "epoch": 1, "_timestamp": 1681693071.013124, "_runtime": 12.998056888580322, "_step": 8, "_wandb": {"runtime": 14}}