{"train loss": 0.090981125831604, "step": 2320, "epoch": 40, "_timestamp": 1682650521.3772864, "_runtime": 651.0939295291901, "_step": 2319, "_wandb": {"runtime": 650}}