{"train loss": 655757.625, "step": 1, "epoch": 1, "_timestamp": 1682645514.444918, "_runtime": 5.8004279136657715, "_step": 0, "_wandb": {"runtime": 5}}