{"train loss": 0.001301048556342721, "step": 2360, "epoch": 40, "_timestamp": 1682664722.7699625, "_runtime": 1459.9681866168976, "_step": 2359, "_wandb": {"runtime": 1458}}