{"train loss": 10989.697265625, "step": 1044, "epoch": 18, "_timestamp": 1682648883.8352816, "_runtime": 294.32069063186646, "_step": 1043, "_wandb": {"runtime": 300}}