{"train loss": 0.0015294289914891124, "step": 2320, "epoch": 40, "_timestamp": 1682661805.7593572, "_runtime": 1454.1485471725464, "_step": 2319, "_wandb": {"runtime": 1454}}