{"train loss": 61019.1015625, "step": 178, "epoch": 4, "_timestamp": 1682647771.5646768, "_runtime": 52.805466651916504, "_step": 177, "_wandb": {"runtime": 52}}