{"train loss": 1.7826608419418335, "step": 830, "epoch": 3, "_timestamp": 1682635005.5527432, "_runtime": 109.1986722946167, "_step": 829, "_wandb": {"runtime": 108}}