{"train loss": 21.006149291992188, "step": 656, "epoch": 9, "_timestamp": 1682640129.1457355, "_runtime": 320.9916744232178, "_step": 655, "_wandb": {"runtime": 320}}