{"train loss": 19.855724334716797, "step": 261, "epoch": 5, "_timestamp": 1682640754.7698925, "_runtime": 167.19776248931885, "_step": 260, "_wandb": {"runtime": 167}}