{"train loss": 23.909595489501953, "step": 123, "epoch": 1, "_timestamp": 1682635301.7028182, "_runtime": 19.61250925064087, "_step": 122, "_wandb": {"runtime": 19}}