{"train loss": 0.031423646956682205, "step": 14, "epoch": 1, "_timestamp": 1682708145.2219112, "_runtime": 11.71252727508545, "_step": 13, "_wandb": {"runtime": 655}}