{"train loss": 61372.1171875, "step": 11, "epoch": 1, "_timestamp": 1682646740.5590649, "_runtime": 12.924073934555054, "_step": 10, "_wandb": {"runtime": 11}}