{"train loss": 6284.5732421875, "step": 296, "epoch": 6, "_timestamp": 1682640572.9699378, "_runtime": 188.53247785568237, "_step": 295, "_wandb": {"runtime": 188}}