{"train loss": 0.031423233449459076, "step": 14, "epoch": 1, "_timestamp": 1682711006.1774151, "_runtime": 11.484140157699585, "_step": 13, "_wandb": {"runtime": 197}}