{"train loss": 108876.4765625, "step": 65, "epoch": 2, "_timestamp": 1682648454.8037274, "_runtime": 22.781288385391235, "_step": 64, "_wandb": {"runtime": 22}}